use pyeonhee;
-- 신규 데이터 생성 (2021/11/21)

-- 일반유저 데이터 생성
insert into user(user_id, password, name, mbti, age, tier, income, job)
values ('user1', '1234', 'user1', 'ICSE', 25, 'GOLD', 1500000, 'profession');
insert into user(user_id, password, name, mbti, age, tier, income, job)
values ('user2', '1234', 'user2', 'ICSE', 27, 'SILVER', 2500000, 'teacher');
insert into user(user_id, password, name, mbti, age, tier, income, job)
values ('user3', '1234', 'user3', 'ICSE', 23, 'BROZE', 3500000, 'office');

insert into user(user_id, password, name, mbti, age, tier, income, job)
values ('user4', '1234', 'user4', 'ICSM', 21, 'GOLD', 1000000, 'student');
insert into user(user_id, password, name, mbti, age, tier, income, job)
values ('user5', '1234', 'user5', 'ICSM', 24, 'SILVER', 1500000, 'office');
insert into user(user_id, password, name, mbti, age, tier, income, job)
values ('user6', '1234', 'user6', 'ICSM', 25, 'PLATINUM', 3500000, 'selfEmployment');

insert into user(user_id, password, name, mbti, age, tier, income, job)
values ('user7', '1234', 'user7', 'ICOE', 26, 'PLATINUM', 2500000, 'executive');
insert into user(user_id, password, name, mbti, age, tier, income, job)
values ('user8', '1234', 'user8', 'ICOE', 29, 'GOLD', 4500000, 'service');
insert into user(user_id, password, name, mbti, age, tier, income, job)
values ('user9', '1234', 'user9', 'ICOE', 25, 'SILVER', 1500000, 'housewife');

insert into user(user_id, password, name, mbti, age, tier, income, job)
values ('user10', '1234', 'user0', 'ICOM', 20, 'GOLD', 1500000, 'student');
insert into user(user_id, password, name, mbti, age, tier, income, job)
values ('user11', '1234', 'user11', 'ICOM', 21, 'SILVER', 2500000, 'service');
insert into user(user_id, password, name, mbti, age, tier, income, job)
values ('user12', '1234', 'user12', 'ICOM', 27, 'GOLD', 4500000, 'profession');

insert into user(user_id, password, name, mbti, age, tier, income, job)
values ('user13', '1234', 'user13', 'IHSE', 28, 'SILVER', 1500000, 'sales');
insert into user(user_id, password, name, mbti, age, tier, income, job)
values ('user14', '1234', 'user14', 'IHSE', 24, 'GOLD', 3500000, 'agriculture');
insert into user(user_id, password, name, mbti, age, tier, income, job)
values ('user15', '1234', 'user15', 'IHSE', 21, 'BROZE', 1500000, 'student');

insert into user(user_id, password, name, mbti, age, tier, income, job)
values ('user16', '1234', 'user16', 'IHSM', 23, 'SILVER', 3500000, 'office');
insert into user(user_id, password, name, mbti, age, tier, income, job)
values ('user17', '1234', 'user17', 'IHSM', 24, 'BROZE', 3500000, 'executive');
insert into user(user_id, password, name, mbti, age, tier, income, job)
values ('user18', '1234', 'user18', 'IHSM', 25, 'GOLD', 2500000, 'sales');

insert into user(user_id, password, name, mbti, age, tier, income, job)
values ('user19', '1234', 'user19', 'IHOE', 27, 'BROZE', 3500000, 'teacher');
insert into user(user_id, password, name, mbti, age, tier, income, job)
values ('user20', '1234', 'user20', 'IHOE', 25, 'GOLD', 1500000, 'selfEmployment');
insert into user(user_id, password, name, mbti, age, tier, income, job)
values ('user21', '1234', 'user21', 'IHOE', 28, 'PLATINUM', 3500000, 'office');

insert into user(user_id, password, name, mbti, age, tier, income, job)
values ('user22', '1234', 'user22', 'IHOM', 23, 'GOLD', 1500000, 'student');
insert into user(user_id, password, name, mbti, age, tier, income, job)
values ('user23', '1234', 'user23', 'IHOM', 22, 'PLATINUM', 1500000, 'housewife');
insert into user(user_id, password, name, mbti, age, tier, income, job)
values ('user24', '1234', 'user24', 'IHOM', 26, 'SILVER', 3500000, 'service');

insert into user(user_id, password, name, mbti, age, tier, income, job)
values ('user25', '1234', 'user25', 'PCSE', 25, 'GOLD', 5500000, 'profession');
insert into user(user_id, password, name, mbti, age, tier, income, job)
values ('user26', '1234', 'user26', 'PCSE', 25, 'SILVER', 1500000, 'profession');
insert into user(user_id, password, name, mbti, age, tier, income, job)
values ('user27', '1234', 'user27', 'PCSE', 25, 'DIAMOND', 1500000, 'profession');

insert into user(user_id, password, name, mbti, age, tier, income, job)
values ('user28', '1234', 'user28', 'PCSM', 27, 'BRONZE', 2500000, 'agriculture');
insert into user(user_id, password, name, mbti, age, tier, income, job)
values ('user29', '1234', 'user29', 'PCSM', 25, 'BRONZE', 1500000, 'agriculture');
insert into user(user_id, password, name, mbti, age, tier, income, job)
values ('user30', '1234', 'user30', 'PCSM', 25, 'GOLD', 1500000, 'inoccupation');

insert into user(user_id, password, name, mbti, age, tier, income, job)
values ('user31', '1234', 'user31', 'PCOE', 25, 'GOLD', 1500000, 'selfEmployment');
insert into user(user_id, password, name, mbti, age, tier, income, job)
values ('user32', '1234', 'user32', 'PCOE', 27, 'SILVER', 3500000, 'profession');
insert into user(user_id, password, name, mbti, age, tier, income, job)
values ('user33', '1234', 'user33', 'PCOE', 25, 'GOLD', 1500000, 'housewife');

insert into user(user_id, password, name, mbti, age, tier, income, job)
values ('user34', '1234', 'user34', 'PCOM', 25, 'BRONZE', 1500000, 'housewife');
insert into user(user_id, password, name, mbti, age, tier, income, job)
values ('user35', '1234', 'user35', 'PCOM', 29, 'SILVER', 4500000, 'profession');
insert into user(user_id, password, name, mbti, age, tier, income, job)
values ('user36', '1234', 'user36', 'PCOM', 25, 'BRONZE', 1500000, 'housewife');

insert into user(user_id, password, name, mbti, age, tier, income, job)
values ('user37', '1234', 'user37', 'PHSE', 27, 'GOLD', 5500000, 'selfEmployment');
insert into user(user_id, password, name, mbti, age, tier, income, job)
values ('user38', '1234', 'user38', 'PHSE', 25, 'SILVER', 1500000, 'craftsman');
insert into user(user_id, password, name, mbti, age, tier, income, job)
values ('user39', '1234', 'user39', 'PHSE', 25, 'GOLD', 1500000, 'profession');

insert into user(user_id, password, name, mbti, age, tier, income, job)
values ('user40', '1234', 'user40', 'PHSM', 27, 'PLATINUM', 5500000, 'agriculture');
insert into user(user_id, password, name, mbti, age, tier, income, job)
values ('user41', '1234', 'user41', 'PHSM', 27, 'PLATINUM', 1500000, 'student');
insert into user(user_id, password, name, mbti, age, tier, income, job)
values ('user42', '1234', 'user42', 'PHSM', 25, 'SILVER', 1500000, 'retirement');

insert into user(user_id, password, name, mbti, age, tier, income, job)
values ('user43', '1234', 'user43', 'PHOE', 25, 'GOLD', 1500000, 'profession');
insert into user(user_id, password, name, mbti, age, tier, income, job)
values ('user44', '1234', 'user44', 'PHOE', 25, 'SILVER', 1500000, 'sales');
insert into user(user_id, password, name, mbti, age, tier, income, job)
values ('user45', '1234', 'user45', 'PHOE', 25, 'GOLD', 1500000, 'craftsman');

insert into user(user_id, password, name, mbti, age, tier, income, job)
values ('user46', '1234', 'user46', 'PHOM', 25, 'PLATINUM', 2500000, 'profession');
insert into user(user_id, password, name, mbti, age, tier, income, job)
values ('user47', '1234', 'user47', 'PHOM', 25, 'SILVER', 2500000, 'production');
insert into user(user_id, password, name, mbti, age, tier, income, job)
values ('user48', '1234', 'user48', 'PHOM', 25, 'SILVER', 2500000, 'retirement');



-- 추천목록(좋아요 순)
-- 즉흥적이고 소비형이며 본인 경험적
insert into user(user_id, password, name, mbti, age, tier, income, job)
values ('user49', '1234', 'user49', 'ICSE', 25, 'DIAMOND', 3500000, 'executive');
insert into BudgetPlanning(user_id, user_mbti, user_age, like_number, user_income, user_savings, 
monthly_rent, insurance_expense, transportation_expense, communication_expense, leisure_expense,
shopping_expense, education_expense, medical_expense, event_expense, etc_expense, subscribe_expense)
values ('user49', 'ICSE', 25, 496, 3500000, 500000, 600000, 100000, 150000, 100000, 500000, 500000, 0, 0, 0, 100000, 100000);

-- 즉흥 절약 본인 경험
insert into user(user_id, password, name, mbti, age, tier, income, job)
values ('user50', '1234', 'user50', 'IHSE', 27, 'DIAMOND', 2500000, 'office');
insert into BudgetPlanning(user_id, user_mbti, user_age, like_number, user_income, user_savings, 
monthly_rent, insurance_expense, transportation_expense, communication_expense, leisure_expense,
shopping_expense, education_expense, medical_expense, event_expense, etc_expense, subscribe_expense)
values ('user50', 'IHSE', 27, 511, 2900000, 130000, 0, 50000, 100000, 70000, 300000, 200000, 0, 0, 50000, 0, 50000);

-- 즉흥 소비 타인 물질 (저금계획 포함 / 좋아요 1등)
insert into user(user_id, password, name, mbti, age, tier, income, job)
values ('user51', '1234', 'user51', 'ICOM', 23, 'DIAMOND', 2500000, 'service');
insert into BudgetPlanning(user_id, user_mbti, user_age, like_number, user_income, user_savings, 
monthly_rent, insurance_expense, transportation_expense, communication_expense, leisure_expense,
shopping_expense, education_expense, medical_expense, event_expense, etc_expense, subscribe_expense)
values ('user51', 'ICOM', 23, 490, 2700000, 700000, 0, 100000, 100000, 0, 300000, 500000, 0, 0, 200000, 0, 50000);
insert into Savings(user_id, saving_name, savings_money, start_date, finish_date, all_savings_money)
values ('user51', '내집마련', 500000, '2021-06-01 00:00:00', '2027-05-31 00:00:00', 3000000);
insert into Savings(user_id, saving_name, savings_money, start_date, finish_date, all_savings_money)
values ('user51', '주택청약', 100000, '2020-08-01 00:00:00', '2030-07-31 00:00:00', 1600000);
insert into Savings(user_id, saving_name, savings_money, start_date, finish_date, all_savings_money)
values ('user51', '유럽여행', 100000, '2021-11-01 00:00:00', '2022-10-31 00:00:00', 100000);

-- 즉흥 절약 타인 경험
insert into user(user_id, password, name, mbti, age, tier, income, job)
values ('user52', '1234', 'user52', 'IHOE', 21, 'DIAMOND', 1500000, 'student');
insert into BudgetPlanning(user_id, user_mbti, user_age, like_number, user_income, user_savings, 
monthly_rent, insurance_expense, transportation_expense, communication_expense, leisure_expense,
shopping_expense, education_expense, medical_expense, event_expense, etc_expense, subscribe_expense)
values ('user52', 'IHOE', 21, 623, 1300000, 200000, 0, 0, 70000, 0, 300000, 0, 0, 0, 150000, 0, 50000);

-- 즉흥 절약 타인 물질
insert into user(user_id, password, name, mbti, age, tier, income, job)
values ('user53', '1234', 'user53', 'IHOM', 29, 'PLATINUM', 4500000, 'profession');
insert into BudgetPlanning(user_id, user_mbti, user_age, like_number, user_income, user_savings, 
monthly_rent, insurance_expense, transportation_expense, communication_expense, leisure_expense,
shopping_expense, education_expense, medical_expense, event_expense, etc_expense, subscribe_expense)
values ('user53', 'IHOM', 29, 372, 4800000, 2000000, 500000, 100000, 70000, 100000, 300000, 500000, 0, 0, 300000, 0, 100000);

-- 계획 소비 본인 경험 
insert into user(user_id, password, name, mbti, age, tier, income, job)
values ('user54', '1234', 'user54', 'PCSE', 25, 'DIAMOND', 3500000, 'executive');
insert into BudgetPlanning(user_id, user_mbti, user_age, like_number, user_income, user_savings, 
monthly_rent, insurance_expense, transportation_expense, communication_expense, leisure_expense,
shopping_expense, education_expense, medical_expense, event_expense, etc_expense, subscribe_expense)
values ('user54', 'PCSE', 25, 455, 3400000, 500000, 600000, 100000, 150000, 100000, 500000, 500000, 300000, 0, 0, 100000, 100000);

-- 계획 절약 타인 경험
insert into user(user_id, password, name, mbti, age, tier, income, job)
values ('user55', '1234', 'user55', 'PHOE', 24, 'DIAMOND', 3500000, 'craftsman');
insert into BudgetPlanning(user_id, user_mbti, user_age, like_number, user_income, user_savings, 
monthly_rent, insurance_expense, transportation_expense, communication_expense, leisure_expense,
shopping_expense, education_expense, medical_expense, event_expense, etc_expense, subscribe_expense)
values ('user55', 'PHOE', 24, 512, 3200000, 1400000, 600000, 50000, 100000, 50000, 200000, 100000, 0, 0, 150000, 0, 50000);

-- 계획 절약 본인 경험
insert into user(user_id, password, name, mbti, age, tier, income, job)
values ('user56', '1234', 'user56', 'PHSE', 26, 'DIAMOND', 2500000, 'sales');
insert into BudgetPlanning(user_id, user_mbti, user_age, like_number, user_income, user_savings, 
monthly_rent, insurance_expense, transportation_expense, communication_expense, leisure_expense,
shopping_expense, education_expense, medical_expense, event_expense, etc_expense, subscribe_expense)
values ('user56', 'PHSE', 26, 572, 2400000, 1000000, 400000, 50000, 100000, 50000, 200000, 0, 0, 0, 50000, 0, 50000);
insert into Savings(user_id, saving_name, savings_money, start_date, finish_date, all_savings_money)
values ('user56', '내집마련', 500000, '2021-06-01 00:00:00', '2027-05-31 00:00:00', 3000000);
insert into Savings(user_id, saving_name, savings_money, start_date, finish_date, all_savings_money)
values ('user56', '주택청약', 100000, '2020-08-01 00:00:00', '2030-07-31 00:00:00', 1600000);
insert into Savings(user_id, saving_name, savings_money, start_date, finish_date, all_savings_money)
values ('user56', '내차사기', 300000, '2021-11-01 00:00:00', '2022-10-31 00:00:00', 300000);
insert into Savings(user_id, saving_name, savings_money, start_date, finish_date, all_savings_money)
values ('user56', '국내여행', 100000, '2021-01-01 00:00:00', '2022-12-31 00:00:00', 1100000);


-- 계획 소비 타인 물질
insert into user(user_id, password, name, mbti, age, tier, income, job)
values ('user57', '1234', 'user57', 'PCOM', 21, 'DIAMOND', 1500000, 'student');
insert into BudgetPlanning(user_id, user_mbti, user_age, like_number, user_income, user_savings, 
monthly_rent, insurance_expense, transportation_expense, communication_expense, leisure_expense,
shopping_expense, education_expense, medical_expense, event_expense, etc_expense, subscribe_expense)
values ('user57', 'IHOE', 21, 482, 1200000, 200000, 0, 100000, 0, 100000, 300000, 0, 0, 0, 100000, 0, 0);

-- 계획 절약 본잍 물질
insert into user(user_id, password, name, mbti, age, tier, income, job)
values ('user58', '1234', 'user58', 'PHSM', 29, 'PLATINUM', 4500000, 'profession');
insert into BudgetPlanning(user_id, user_mbti, user_age, like_number, user_income, user_savings, 
monthly_rent, insurance_expense, transportation_expense, communication_expense, leisure_expense,
shopping_expense, education_expense, medical_expense, event_expense, etc_expense, subscribe_expense)
values ('user58', 'PHSM', 29, 452, 4500000, 2200000, 500000, 100000, 100000, 100000, 300000, 500000, 0, 0, 100000, 0, 100000);



-- 나와 유사한 계획서 찾기 (PHSE 버전)
-- 계획 절약 본인 경험
insert into user(user_id, password, name, mbti, age, tier, income, job)
values ('user59', '1234', 'user59', 'PHSE', 26, 'DIAMOND', 2500000, 'profession');
insert into BudgetPlanning(user_id, user_mbti, user_age, like_number, user_income, user_savings, 
monthly_rent, insurance_expense, transportation_expense, communication_expense, leisure_expense,
shopping_expense, education_expense, medical_expense, event_expense, etc_expense, subscribe_expense)
values ('user59', 'PHSE', 26, 384, 2300000, 1200000, 0, 70000, 100000, 70000, 200000, 60000, 0, 0, 50000, 0, 50000);

-- 계획 절약 본인 경험
insert into user(user_id, password, name, mbti, age, tier, income, job)
values ('user60', '1234', 'user60', 'PHSE', 25, 'DIAMOND', 2500000, 'office');
insert into BudgetPlanning(user_id, user_mbti, user_age, like_number, user_income, user_savings, 
monthly_rent, insurance_expense, transportation_expense, communication_expense, leisure_expense,
shopping_expense, education_expense, medical_expense, event_expense, etc_expense, subscribe_expense)
values ('user60', 'PHSE', 25, 210, 2800000, 1200000, 500000, 50000, 100000, 50000, 200000, 100000, 0, 0, 50000, 0, 50000);

-- 계획 절약 본인 경험
insert into user(user_id, password, name, mbti, age, tier, income, job)
values ('user61', 1234, 'user61', 'PHSE', 27, 'DIAMOND', 3500000, 'executive');
insert into BudgetPlanning(user_id, user_mbti, user_age, like_number, user_income, user_savings, 
monthly_rent, insurance_expense, transportation_expense, communication_expense, leisure_expense,
shopping_expense, education_expense, medical_expense, event_expense, etc_expense, subscribe_expense)
values ('user61', 'PHSE', 27, 64, 3300000, 1800000, 400000, 50000, 100000, 50000, 250000, 50000, 0, 0, 50000, 0, 50000);

-- 계획 절약 본인 경험
insert into user(user_id, password, name, mbti, age, tier, income, job)
values ('user62', '1234', 'user62', 'PHSE', 21, 'SILVER', 1000000, 'student');
insert into BudgetPlanning(user_id, user_mbti, user_age, like_number, user_income, user_savings, 
monthly_rent, insurance_expense, transportation_expense, communication_expense, leisure_expense,
shopping_expense, education_expense, medical_expense, event_expense, etc_expense, subscribe_expense)
values ('user62', 'PHSE', 21, 7, 700000, 150000, 0, 0, 50000, 0, 50000, 30000, 0, 0, 30000, 0, 0);

/*ncloudMySQL에 값 넣을 수 없음*/
/*
-- pyeonhee 11월 한달리포트 생성용 데이터 (거래내역)
insert into real_expense(user_id, fintech_use_num, bank_name, balance_amt, tran_date, tran_time, inout_type, tran_type, print_content, tran_amt, after_balance_amt, branch_name, state, alarm)
values ('pyeonhee', '120211357588932329649483', 'KB국민은행', 500000, '20211010', '13:01:00', '입금', '송금', '생활비', 3000000, 3500000, '인터넷뱅킹', 1, 1);
insert into real_expense(user_id, fintech_use_num, bank_name, balance_amt, tran_date, tran_time, inout_type, tran_type, print_content, tran_amt, after_balance_amt, branch_name, state, alarm)
values ('pyeonhee', '120211357588932329649483', 'KB국민은행', 3500000, '20211010', '13:02:00', '출금', '쇼핑', '애플스토어', 300000, 3200000, '신사점', 1, 1);
insert into real_expense(user_id, fintech_use_num, bank_name, balance_amt, tran_date, tran_time, inout_type, tran_type, print_content, tran_amt, after_balance_amt, branch_name, state, alarm)
values ('pyeonhee', '120211357588932329649483', 'KB국민은행', 3200000, '20211010', '13:03:00', '출금', '식비', '하남돼지', 400000, 2800000, '압구정점', 1, 1);
insert into real_expense(user_id, fintech_use_num, bank_name, balance_amt, tran_date, tran_time, inout_type, tran_type, print_content, tran_amt, after_balance_amt, branch_name, state, alarm)
values ('pyeonhee', '120211357588932329649483', 'KB국민은행', 2800000, '20211010', '13:04:00', '출금', '여가', '볼링', 300000, 2500000, '강남역점', 1, 1);
insert into real_expense(user_id, fintech_use_num, bank_name, balance_amt, tran_date, tran_time, inout_type, tran_type, print_content, tran_amt, after_balance_amt, branch_name, state, alarm)
values ('pyeonhee', '120211357588932329649483', 'KB국민은행', 2500000, '20211010', '13:05:00', '출금', '월세', '집주인', 500000, 200000, '인터넷뱅킹', 1, 1);
insert into real_expense(user_id, fintech_use_num, bank_name, balance_amt, tran_date, tran_time, inout_type, tran_type, print_content, tran_amt, after_balance_amt, branch_name, state, alarm)
values ('pyeonhee', '120211357588932329649483', 'KB국민은행', 2000000, '20211010', '13:06:00', '출금', '저금', '계좌이체', 500000, 1500000, '인터넷뱅킹', 1, 1);
insert into real_expense(user_id, fintech_use_num, bank_name, balance_amt, tran_date, tran_time, inout_type, tran_type, print_content, tran_amt, after_balance_amt, branch_name, state, alarm)
values ('pyeonhee', '120211357588932329649483', 'KB국민은행', 1500000, '20211010', '13:07:00', '출금', '교통', '계좌이체', 200000, 1300000, '인터넷뱅킹', 1, 1);
insert into real_expense(user_id, fintech_use_num, bank_name, balance_amt, tran_date, tran_time, inout_type, tran_type, print_content, tran_amt, after_balance_amt, branch_name, state, alarm)
values ('pyeonhee', '120211357588932329649483', 'KB국민은행', 1300000, '20211010', '13:08:00', '출금', '통신', '계좌이체', 100000, 1200000, '인터넷뱅킹', 1, 1);
insert into real_expense(user_id, fintech_use_num, bank_name, balance_amt, tran_date, tran_time, inout_type, tran_type, print_content, tran_amt, after_balance_amt, branch_name, state, alarm)
values ('pyeonhee', '120211357588932329649483', 'KB국민은행', 1200000, '20211010', '13:09:00', '출금', '선물', '계좌이체', 100000, 1100000, '인터넷뱅킹', 1, 1);
insert into real_expense(user_id, fintech_use_num, bank_name, balance_amt, tran_date, tran_time, inout_type, tran_type, print_content, tran_amt, after_balance_amt, branch_name, state, alarm)
values ('pyeonhee', '120211357588932329649483', 'KB국민은행', 1100000, '20211010', '13:10:00', '출금', '구독', '계좌이체', 100000, 1000000, '인터넷뱅킹', 1, 1);

insert into real_expense(user_id, fintech_use_num, bank_name, balance_amt, tran_date, tran_time, inout_type, tran_type, print_content, tran_amt, after_balance_amt, branch_name, state, alarm)
values ('pyeonhee', '120211357588932329649483', 'KB국민은행', 1000000, '20211110', '13:01:00', '입금', '송금', '생활비', 2500000, 3500000, '인터넷뱅킹', 1, 1);
insert into real_expense(user_id, fintech_use_num, bank_name, balance_amt, tran_date, tran_time, inout_type, tran_type, print_content, tran_amt, after_balance_amt, branch_name, state, alarm)
values ('pyeonhee', '120211357588932329649483', 'KB국민은행', 3500000, '20211110', '13:02:00', '출금', '쇼핑', '애플스토어', 400000, 3100000, '신사점', 1, 1);
insert into real_expense(user_id, fintech_use_num, bank_name, balance_amt, tran_date, tran_time, inout_type, tran_type, print_content, tran_amt, after_balance_amt, branch_name, state, alarm)
values ('pyeonhee', '120211357588932329649483', 'KB국민은행', 3100000, '20211110', '13:03:00', '출금', '식비', '하남돼지', 500000, 2600000, '압구정점', 1, 1);
insert into real_expense(user_id, fintech_use_num, bank_name, balance_amt, tran_date, tran_time, inout_type, tran_type, print_content, tran_amt, after_balance_amt, branch_name, state, alarm)
values ('pyeonhee', '120211357588932329649483', 'KB국민은행', 2600000, '20211110', '13:04:00', '출금', '여가', '볼링', 100000, 2500000, '강남역점', 1, 1);
insert into real_expense(user_id, fintech_use_num, bank_name, balance_amt, tran_date, tran_time, inout_type, tran_type, print_content, tran_amt, after_balance_amt, branch_name, state, alarm)
values ('pyeonhee', '120211357588932329649483', 'KB국민은행', 2500000, '20211110', '13:05:00', '출금', '월세', '집주인', 500000, 2000000, '인터넷뱅킹', 1, 1);
insert into real_expense(user_id, fintech_use_num, bank_name, balance_amt, tran_date, tran_time, inout_type, tran_type, print_content, tran_amt, after_balance_amt, branch_name, state, alarm)
values ('pyeonhee', '120211357588932329649483', 'KB국민은행', 2000000, '20211110', '13:06:00', '출금', '저금', '계좌이체', 500000, 1500000, '인터넷뱅킹', 1, 1);
insert into real_expense(user_id, fintech_use_num, bank_name, balance_amt, tran_date, tran_time, inout_type, tran_type, print_content, tran_amt, after_balance_amt, branch_name, state, alarm)
values ('pyeonhee', '120211357588932329649483', 'KB국민은행', 1500000, '20211110', '13:07:00', '출금', '교통', '계좌이체', 200000, 1300000, '인터넷뱅킹', 1, 1);
insert into real_expense(user_id, fintech_use_num, bank_name, balance_amt, tran_date, tran_time, inout_type, tran_type, print_content, tran_amt, after_balance_amt, branch_name, state, alarm)
values ('pyeonhee', '120211357588932329649483', 'KB국민은행', 1300000, '20211110', '13:08:00', '출금', '통신', '계좌이체', 100000, 1200000, '인터넷뱅킹', 1, 1);
insert into real_expense(user_id, fintech_use_num, bank_name, balance_amt, tran_date, tran_time, inout_type, tran_type, print_content, tran_amt, after_balance_amt, branch_name, state, alarm)
values ('pyeonhee', '120211357588932329649483', 'KB국민은행', 1200000, '20211110', '13:09:00', '출금', '선물', '계좌이체', 100000, 1100000, '인터넷뱅킹', 1, 1);
insert into real_expense(user_id, fintech_use_num, bank_name, balance_amt, tran_date, tran_time, inout_type, tran_type, print_content, tran_amt, after_balance_amt, branch_name, state, alarm)
values ('pyeonhee', '120211357588932329649483', 'KB국민은행', 1100000, '20211110', '13:10:00', '출금', '구독', '계좌이체', 100000, 1000000, '인터넷뱅킹', 1, 1);

-- pyeonhee 11월 한달리포트 생성용 데이터 (10월 계획)
insert into BudgetPlanning(user_id, planning_date, user_mbti, user_age, user_income, user_savings, like_number, monthly_rent, insurance_expense, transportation_expense, communication_expense, leisure_expense, shopping_expense, education_expense, medical_expense, event_expense, subscribe_expense, etc_expense, state)
values ('pyeonhee', '2021-10-01 11:13:49', 'PHOM', 26,  2500000, 500000, 0, 500000, 100000, 100000, 100000, 150000, 300000, 0, 0, 100000, 100000, 0, 1);

*/

-- 금융상품 데이터 생성 
-- 적금 저금/소비 mbti로 구분
insert into saving_product(bank_name, product_name, product_type, interest, max_interest, link, mbti)
values('스마트저축은행', '스마트정기적금', '정액적립식', 3.5, 4.0, 'https://www.smartbank.co.kr/HMA0001', 'H');
insert into saving_product(bank_name, product_name, product_type, interest, max_interest, link, mbti)
values('웰컴저축은행', '웰컴첫거래우대적금', '정액적립식', 3.5, 4.2, 'https://www.welcomebank.co.kr/ib20/mnu/IBN000000000', 'H');
insert into saving_product(bank_name, product_name, product_type, interest, max_interest, link, mbti)
values('웰컴저축은행', '웰컴잔돈모아적금', '자유적립식', 2.8, 2.8, 'https://www.smartbank.co.kr/HMA0001', 'C');
insert into saving_product(bank_name, product_name, product_type, interest, max_interest, link, mbti)
values('한국저축은행', '스마트뱅킹정기적금', '자유적립식', 2.6, 2.6, 'https://sb.koreainvestment.com/ib20/mnu/hom00001', 'C');

-- 펀드 즉흥(고위험)/계획(낮은위험) mbti 구분
insert into fund_product(bank_name, product_name, interest_3, interest_6, interest_12, fund_sum, link, mbti)
values('VI자산운용', 'VI중소형주+증권자투자신탁', 17, 24, 49, 22, 'https://www.daishin.com/g.ds?p=1257&v=825&m=1697&ast_utlz_scty_fnd_cod=KR5104766708', 'I');
insert into fund_product(bank_name, product_name, interest_3, interest_6, interest_12, fund_sum, link, mbti)
values('한국투자신탁운용', '한국투자중소성장증권투자신탁', 7, 10, 36, 60, 'https://www.daishin.com/g.ds?p=1257&v=825&m=1697&ast_utlz_scty_fnd_cod=KR5101AQ5090', 'I');
insert into fund_product(bank_name, product_name, interest_3, interest_6, interest_12, fund_sum, link, mbti)
values('KB자산운용', 'KB코리아뉴딜증권투자신탁', 4.4, 13, 32.6, 294, 'https://www.daishin.com/g.ds?p=1257&v=825&m=1697&ast_utlz_scty_fnd_cod=K55223DB0898', 'I');
insert into fund_product(bank_name, product_name, interest_3, interest_6, interest_12, fund_sum, link, mbti)
values('KTB자산운용', 'KTBVIP스타셀렉션증권투자신탁', 4.5, 21.9, 51.3, 414, 'https://www.daishin.com/g.ds?p=1257&v=825&m=1697&ast_utlz_scty_fnd_cod=KR5306945829', 'I');
insert into fund_product(bank_name, product_name, interest_3, interest_6, interest_12, fund_sum, link, mbti)
values('삼성자산운용', '삼성MMF법인', 0.4, 0.9, 4.39, 60000, 'http://www.samsungfund.com/main.action', 'P');
insert into fund_product(bank_name, product_name, interest_3, interest_6, interest_12, fund_sum, link, mbti)
values('신한자산운용', '신한베스트신종법인', 0.4, 0.9, 4.29, 16000, 'http://www.shbnppam.com/servlet/iteminfo.itemtype.itemtypeServlet?go=boardlist&fund_type=A&index=%27%27&sub_type=&pg=1&chkSale=&search_text=', 'P');
insert into fund_product(bank_name, product_name, interest_3, interest_6, interest_12, fund_sum, link, mbti)
values('현대자산운용', '현대클린개인MMF', 0.46, 0.92, 4.56, 407, 'http://www.hyundaiam.com/kor/HD-KP-FG/HD-KP-FG-02.html', 'P');

-- 연금 즉흥/계획 mbti 구분
insert into pension_product(bank_name, product_name, product_type, disconnected, interest, link, mbti)
values('신한은행', '연금저축신탁', '안정형', '가능', 1.14, 'https://bank.shinhan.com/index.jsp#020001000000', 'P');
insert into pension_product(bank_name, product_name, product_type, disconnected, interest, link, mbti)
values('우리은행', '연금신탁안정형', '안정형', '가능', 1.04, 'https://spot.wooribank.com/pot/Dream?withyou=PORMG0023', 'P');
insert into pension_product(bank_name, product_name, product_type, disconnected, interest, link, mbti)
values('NH농협은행', '웰빙라이프연금저축신탁', '채권형', '가능', 1.47, 'https://obank.kbstar.com/quics?page=C030037&QSL=F#loading', 'P');
insert into pension_product(bank_name, product_name, product_type, disconnected, interest, link, mbti)
values('KB국민은행', 'KB실버웰빙연금신탁', '채권형', '가능', 1.82, 'https://smartmarket.nonghyup.com/servlet/SFMN0001R.view', 'I');
insert into pension_product(bank_name, product_name, product_type, disconnected, interest, link, mbti)
values('삼성생명보험', '연금저축삼성골드연금보험', '금리연동형', '불가능', 2.96, 'https://direct.samsunglife.com/annuitySaving.eds', 'I');
insert into pension_product(bank_name, product_name, product_type, disconnected, interest, link, mbti)
values('교보생명보험', '연금저축교보연금보험', '금리연동형', '불가능', 1.76, 'https://www.lifeplanet.co.kr/products/pd/HPPD400S1.dev', 'I');

-- 대출 mbti 구분 X
insert into loan_product(bank_name, product_name, interest_type, repay_type, interest, link)
values('케이뱅크', '아파트담보대출', '변동금리', '원리금분할상환', 2.61, 'https://ib.kbanknow.com/ib20/mnu/FPMDPT010000');
insert into loan_product(bank_name, product_name, interest_type, repay_type, interest, link)
values('한국씨티은행', '씨티주택담보대출', '변동금리', '원리금분할상환', 2.87, 'https://www.citibank.co.kr/ComMainCnts0100.act?ref=http://finlife.fss.or.kr/');
insert into loan_product(bank_name, product_name, interest_type, repay_type, interest, link)
values('진주저축은행', '주택담보대출', '변동금리', '원리금분할상환', 3.12, 'https://www.jinjubank.net/main.act');
insert into loan_product(bank_name, product_name, interest_type, repay_type, interest, link)
values('수협은행', '마이너스한도대출', '대출금리', '거치식상환', 3.35, 'https://www.suhyup-bank.com/');
insert into loan_product(bank_name, product_name, interest_type, repay_type, interest, link)
values('토스뱅크', '마이너스한도대출', '대출금리', '거치식상환', 3.63, 'https://www.tossbank.com/product-service/loans/minus-account');
insert into loan_product(bank_name, product_name, interest_type, repay_type, interest, link)
values('우리은행', '일반신용대출', '대출금리', '거치식상환', 3.69, 'https://spot.wooribank.com/pot/Dream?withyou=PORMG0023');

-----금융 상담사------
insert into FinancialCounselor(name, part, company, like_count)
	values ('김상담', '연금', '하나은행', 1);
insert into FinancialCounselor(name, part, company, like_count)
	values ('이상담', '펀드', '신한은행', 3);
insert into FinancialCounselor(name, part, company, like_count)
	values ('박상담', '적금', '현대카드', 4);
insert into FinancialCounselor(name, part, company, like_count)
	values ('정상담', '보험', '한국투자', 6);
insert into FinancialCounselor(name, part, company, like_count)
	values ('최상담', '펀드', '카카오뱅크', 10);
insert into FinancialCounselor(name, part, company, like_count)
	values ('와신상담', '대출', '새마을금고', 8);
insert into FinancialCounselor(name, part, company, like_count)
	values ('김아주', '대출', 'IBK기업은행',26);



-----자산 상담사------
insert into AssetCounselor(name, company, like_count)
	values ('김자산','새마을금고',1);
insert into AssetCounselor(name, company, like_count)
	values ('이자산','현대카드',4);
insert into AssetCounselor(name, company, like_count)
	values ('김덕수','하나은행',9);
insert into AssetCounselor(name, company, like_count)
	values ('오일남','신한은행',11);

insert into AssetCounselor(name, company, like_count)
	values ('김기훈','수협',5);
insert into AssetCounselor(name, company, like_count)
	values ('이자산','현대카드',2);

insert into AssetCounselor(name, company, like_count)
	values ('김자산','새마을금고',3);
insert into AssetCounselor(name, company, like_count)
	values ('이자산','현대카드',4);

/*공지사항/고객센터/댓글 백업*/

INSERT INTO board (`board_number`,`title`,`content`,`user_id`,`board_date`,`category`,`comment_check`) VALUES (1,'안녕하세요','돈을 돌려주세요','jykim123','2021-12-03 16:38:57','상담',1);
INSERT INTO board (`board_number`,`title`,`content`,`user_id`,`board_date`,`category`,`comment_check`) VALUES (2,'문의사항','티어가 그대롭니다!','pyeonhee','2021-12-04 12:53:13','티어',1);
INSERT INTO board (`board_number`,`title`,`content`,`user_id`,`board_date`,`category`,`comment_check`) VALUES (3,'티어가 변경이 안되요','티어가 변경이 안됩니다!','pyeonhee','2021-12-04 12:54:39','티어',1);
INSERT INTO board (`board_number`,`title`,`content`,`user_id`,`board_date`,`category`,`comment_check`) VALUES (4,'포인트는 어디에 쓰는건가요?','포인트의 사용 용도를 알고 싶습니다. really','pyeonhee','2021-12-04 12:56:24','포인트',1);
INSERT INTO board (`board_number`,`title`,`content`,`user_id`,`board_date`,`category`,`comment_check`) VALUES (5,'상담예약 문의','상담일정 문의합니다.','pyeonhee','2021-12-04 22:33:09','상담',1);
INSERT INTO board (`board_number`,`title`,`content`,`user_id`,`board_date`,`category`,`comment_check`) VALUES (6,'한달리포트 문의','한달리포트 생성일이 언제인가요?','jykim123','2021-12-04 22:35:10','기타',1);
INSERT INTO board (`board_number`,`title`,`content`,`user_id`,`board_date`,`category`,`comment_check`) VALUES (7,'금융상품 관련 문의입니다.','금융상품 더 추천해주세요','jykim123','2021-12-05 00:14:31','금융상품',0);
INSERT INTO board (`board_number`,`title`,`content`,`user_id`,`board_date`,`category`,`comment_check`) VALUES (8,'포인트 차감 내역','포인트 차감 히스토리를 확인하고싶습니다.','jykim123','2021-12-05 00:15:23','포인트',1);
INSERT INTO board (`board_number`,`title`,`content`,`user_id`,`board_date`,`category`,`comment_check`) VALUES (9,'스탬프 적립 문의','스탬프는 언제 적립되는건가요?','jykim123','2021-12-05 00:16:01','기타',1);
INSERT INTO board (`board_number`,`title`,`content`,`user_id`,`board_date`,`category`,`comment_check`) VALUES (10,'상담 예약 취소 문의','상담 예약 취소해주세요','jykim123','2021-12-05 00:16:34','상담',0);
INSERT INTO board (`board_number`,`title`,`content`,`user_id`,`board_date`,`category`,`comment_check`) VALUES (11,'앱 다운로드 문의입니다.','다운로드 방법','jykim123','2021-12-05 00:23:45','기타',0);
INSERT INTO board (`board_number`,`title`,`content`,`user_id`,`board_date`,`category`,`comment_check`) VALUES (12,'상담 내역','상담 내역','jykim123','2021-12-05 00:24:19','상담',0);

INSERT INTO comment (`comment_number`,`board_number`,`content`,`comment_date`) VALUES (2,1,'돈 돌려드렸습니다.','2021-12-04 01:21:13');
INSERT INTO comment (`comment_number`,`board_number`,`content`,`comment_date`) VALUES (4,1,'돈 돌려드렸습니다.','2021-12-04 01:29:16');
INSERT INTO comment (`comment_number`,`board_number`,`content`,`comment_date`) VALUES (5,1,'돈 돌려드렸습니다.','2021-12-04 01:33:36');
INSERT INTO comment (`comment_number`,`board_number`,`content`,`comment_date`) VALUES (8,2,'티어 올려드렸습니다~','2021-12-04 22:27:07');
INSERT INTO comment (`comment_number`,`board_number`,`content`,`comment_date`) VALUES (9,3,'공지사항에 티어 정책에 관련된 글이 있으니 참고해주세요.','2021-12-04 22:33:17');
INSERT INTO comment (`comment_number`,`board_number`,`content`,`comment_date`) VALUES (10,4,'포인트 사용용도는 ~~ 입니다.','2021-12-05 00:24:47');
INSERT INTO comment (`comment_number`,`board_number`,`content`,`comment_date`) VALUES (12,5,'고객님의 상담일정은 ~~~ 입니다.','2021-12-05 00:25:30');
INSERT INTO comment (`comment_number`,`board_number`,`content`,`comment_date`) VALUES (13,6,'1일 입니다.','2021-12-05 00:43:04');
INSERT INTO comment (`comment_number`,`board_number`,`content`,`comment_date`) VALUES (14,8,'앱 -> 메인페이지 경로로 확인하시면 됩니다.','2021-12-05 00:43:30');
INSERT INTO comment (`comment_number`,`board_number`,`content`,`comment_date`) VALUES (15,9,'일일잔여금액 이행 시 지급됩니다. ','2021-12-05 00:43:57');


INSERT INTO notice (`notice_number`,`category`,`title`,`content`,`notice_date`,`modified_date`) VALUES (1,'포인트','[공지] 포인트 공지사항입니다.','포인트에 관한 공지사항입니다. 저희 편히가계에서는 매달 포인트를 지급하고 있습니다. 티어에 따라 지급되는 포인트가 다르므로 잘 확인 해주세요.','2021-11-29 01:39:27','2021-12-04 22:00:33');
INSERT INTO notice (`notice_number`,`category`,`title`,`content`,`notice_date`,`modified_date`) VALUES (2,'티어','[공지] 티어 공지사항입니다.','포인트에 관한 공지사항입니다. 저희 편히가계에서는 티어에 따라 지급되는 포인트가 다르므로 잘 확인 해주세요.','2021-11-29 02:33:40','2021-12-04 22:00:42');
INSERT INTO notice (`notice_number`,`category`,`title`,`content`,`notice_date`,`modified_date`) VALUES (3,'금융상담','[공지] 상담 공지사항입니다.','상담에 대한 공지사항입니다.','2021-12-04 21:53:17','2021-12-04 22:00:50');
INSERT INTO notice (`notice_number`,`category`,`title`,`content`,`notice_date`,`modified_date`) VALUES (4,'기타','[자주 묻는 질문]  계좌 잔액이 업데이트되지 않습니다.','다음의 경우 계좌 잔액이 업데이트되지 않을 수 있습니다.\n\n1. 은행 연동이 해제되었을 경우\n\n2. 은행 연동 오류가 발생했을 경우\n\n3. 최근 시각으로 업데이트되지 않았을 경우','2021-12-04 21:57:40','2021-12-04 21:57:51');
INSERT INTO notice (`notice_number`,`category`,`title`,`content`,`notice_date`,`modified_date`) VALUES (5,'기타','[공지] 12/3(금)~12/6(월) 일부 금융사 연동 제한 안내 (사유 : 금융사 점검)','금융사 홈페이지 점검으로 인해 12/3(금)~12/6(월) 간 일부 금융사 연동이 제한될 예정입니다.\n\n■ 은행\n제일은행 12/05(일)00:00 ~ 07:00 (7시간)\nsbi저축은행 12/04(토)00:00 ~ 06:00 (6시간)\n\n■ 보험\nKB생명 12/04(토)00:00 ~ 12/05(일)18:00 (42시간)\n\n■카드\n농협카드 12/04(토)00:00 ~ 09:00 (9시간)\n\n\n\n더 궁금하신 점이 있다면 앱 내 고객센터를 통해 말씀 부탁드립니다.\n감사합니다.','2021-12-05 01:32:20','2021-12-05 01:32:20');

INSERT INTO openBankingUser (`user_id`,`access_token`,`user_seq_no`) VALUES ('pyeonhee','eyJhbGciOiJIUzI1NiIsInR5cCI6IkpXVCJ9.eyJhdWQiOiIxMTAxMDAwNDgwIiwic2NvcGUiOlsiaW5xdWlyeSIsImxvZ2luIiwidHJhbnNmZXIiXSwiaXNzIjoiaHR0cHM6Ly93d3cub3BlbmJhbmtpbmcub3Iua3IiLCJleHAiOjE2NDUyOTU5MzgsImp0aSI6IjI1MDRkYzQ4LTFjYWMtNGViOS05OGY1LTQxZGI1Y2UzZWU2NyJ9.PC6xAF7PgUdQWpLen7I3EZy3tWW_PSnJcGbNxSB1zY8','1101000480');

INSERT INTO bank_account (`user_id`,`fintech_use_num`,`account_alias`,`bank_code_std`,`bank_name`,`account_num_masked`,`account_holder_name`) VALUES ('pyeonhee','120211357588932329649396','급여계좌','031','대구은행','46137***','정석화');
INSERT INTO bank_account (`user_id`,`fintech_use_num`,`account_alias`,`bank_code_std`,`bank_name`,`account_num_masked`,`account_holder_name`) VALUES ('pyeonhee','120211357588932329649483','생활계좌','004','KB국민은행','797676464***','정석화');

INSERT INTO real_expense (`user_id`,`fintech_use_num`,`bank_name`,`balance_amt`,`tran_date`,`tran_time`,`inout_type`,`tran_type`,`print_content`,`tran_amt`,`after_balance_amt`,`branch_name`,`state`,`alarm`) VALUES ('pyeonhee','120211357588932329649396','대구은행',577600,'20211122','20:31:22','출금','식비','GS25',3700,647400,'강남역점',0,0);
INSERT INTO real_expense (`user_id`,`fintech_use_num`,`bank_name`,`balance_amt`,`tran_date`,`tran_time`,`inout_type`,`tran_type`,`print_content`,`tran_amt`,`after_balance_amt`,`branch_name`,`state`,`alarm`) VALUES ('pyeonhee','120211357588932329649396','대구은행',577600,'20211122','21:07:01','출금','식비','카카오택시',13300,634100,'카카오택시',0,0);
INSERT INTO real_expense (`user_id`,`fintech_use_num`,`bank_name`,`balance_amt`,`tran_date`,`tran_time`,`inout_type`,`tran_type`,`print_content`,`tran_amt`,`after_balance_amt`,`branch_name`,`state`,`alarm`) VALUES ('pyeonhee','120211357588932329649483','KB국민은행',4162450,'20211206','14:06:35','출금','식비','스타벅스',4100,4162450,'스타벅스송도점',0,1);
INSERT INTO real_expense (`user_id`,`fintech_use_num`,`bank_name`,`balance_amt`,`tran_date`,`tran_time`,`inout_type`,`tran_type`,`print_content`,`tran_amt`,`after_balance_amt`,`branch_name`,`state`,`alarm`) VALUES ('pyeonhee','120211357588932329649483','KB국민은행',4158850,'20211206','14:57:23','출금','교통','CU',3600,4158850,'CU송도점',1,1);

/*푸시알림 확인용*/
INSERT INTO real_expense (`user_id`,`fintech_use_num`,`bank_name`,`balance_amt`,`tran_date`,`tran_time`,`inout_type`,`tran_type`,`print_content`,`tran_amt`,`after_balance_amt`,`branch_name`,`state`,`alarm`) 
VALUES ('pyeonhee','120211357588932329649483','KB국민은행',4153150,'20211212','07:30:23','출금','식비','맥도날드',5700,4153150,'송도점',0,0);


/*예산계획 백업*/
INSERT INTO pyeonhee.BudgetPlanning (`user_id`,`planning_number`,`planning_date`,`user_mbti`,`user_age`,`user_income`,`user_savings`,`like_number`,`monthly_rent`,`insurance_expense`,`transportation_expense`,`communication_expense`,`leisure_expense`,`shopping_expense`,`education_expense`,`medical_expense`,`event_expense`,`etc_expense`,`subscribe_expense`,`state`)
 VALUES ('pyeonhee',21,'2021-11-22 03:06:00','PHSE',26,2500000,500000,0,450000,100000,100000,100000,300000,200000,0,0,100000,0,100000,1);
 
 INSERT INTO pyeonhee.BudgetPlanning (`user_id`,`planning_number`,`planning_date`,`user_mbti`,`user_age`,`user_income`,`user_savings`,`like_number`,`monthly_rent`,`insurance_expense`,`transportation_expense`,`communication_expense`,`leisure_expense`,`shopping_expense`,`education_expense`,`medical_expense`,`event_expense`,`etc_expense`,`subscribe_expense`,`state`) 
 VALUES ('pyeonhee',49,'2021-10-01 11:13:49','PHOM',26,2500000,500000,0,500000,100000,100000,100000,150000,300000,0,0,100000,0,100000,0);

 /**/
 insert into real_expense(user_id, fintech_use_num, bank_name, balance_amt, tran_date, tran_time, inout_type, tran_type, print_content, tran_amt, after_balance_amt, branch_name, state, alarm)
values ('together', '120211357588932329649483', 'KB국민은행', 500000, '20211010', '13:01:00', '입금', '송금', '생활비', 3000000, 3500000, '인터넷뱅킹', 1, 1);
insert into real_expense(user_id, fintech_use_num, bank_name, balance_amt, tran_date, tran_time, inout_type, tran_type, print_content, tran_amt, after_balance_amt, branch_name, state, alarm)
values ('together', '120211357588932329649483', 'KB국민은행', 3500000, '20211010', '13:02:00', '출금', '쇼핑', '애플스토어', 300000, 3200000, '신사점', 1, 1);
insert into real_expense(user_id, fintech_use_num, bank_name, balance_amt, tran_date, tran_time, inout_type, tran_type, print_content, tran_amt, after_balance_amt, branch_name, state, alarm)
values ('together', '120211357588932329649483', 'KB국민은행', 3200000, '20211010', '13:03:00', '출금', '식비', '하남돼지', 400000, 2800000, '압구정점', 1, 1);
insert into real_expense(user_id, fintech_use_num, bank_name, balance_amt, tran_date, tran_time, inout_type, tran_type, print_content, tran_amt, after_balance_amt, branch_name, state, alarm)
values ('together', '120211357588932329649483', 'KB국민은행', 2800000, '20211010', '13:04:00', '출금', '여가', '볼링', 300000, 2500000, '강남역점', 1, 1);
insert into real_expense(user_id, fintech_use_num, bank_name, balance_amt, tran_date, tran_time, inout_type, tran_type, print_content, tran_amt, after_balance_amt, branch_name, state, alarm)
values ('together', '120211357588932329649483', 'KB국민은행', 2500000, '20211010', '13:05:00', '출금', '월세', '집주인', 500000, 200000, '인터넷뱅킹', 1, 1);
insert into real_expense(user_id, fintech_use_num, bank_name, balance_amt, tran_date, tran_time, inout_type, tran_type, print_content, tran_amt, after_balance_amt, branch_name, state, alarm)
values ('together', '120211357588932329649483', 'KB국민은행', 2000000, '20211010', '13:06:00', '출금', '저금', '계좌이체', 500000, 1500000, '인터넷뱅킹', 1, 1);
insert into real_expense(user_id, fintech_use_num, bank_name, balance_amt, tran_date, tran_time, inout_type, tran_type, print_content, tran_amt, after_balance_amt, branch_name, state, alarm)
values ('together', '120211357588932329649483', 'KB국민은행', 1500000, '20211010', '13:07:00', '출금', '교통', '계좌이체', 200000, 1300000, '인터넷뱅킹', 1, 1);
insert into real_expense(user_id, fintech_use_num, bank_name, balance_amt, tran_date, tran_time, inout_type, tran_type, print_content, tran_amt, after_balance_amt, branch_name, state, alarm)
values ('together', '120211357588932329649483', 'KB국민은행', 1300000, '20211010', '13:08:00', '출금', '통신', '계좌이체', 100000, 1200000, '인터넷뱅킹', 1, 1);
insert into real_expense(user_id, fintech_use_num, bank_name, balance_amt, tran_date, tran_time, inout_type, tran_type, print_content, tran_amt, after_balance_amt, branch_name, state, alarm)
values ('together', '120211357588932329649483', 'KB국민은행', 1200000, '20211010', '13:09:00', '출금', '선물', '계좌이체', 100000, 1100000, '인터넷뱅킹', 1, 1);
insert into real_expense(user_id, fintech_use_num, bank_name, balance_amt, tran_date, tran_time, inout_type, tran_type, print_content, tran_amt, after_balance_amt, branch_name, state, alarm)
values ('together', '120211357588932329649483', 'KB국민은행', 1100000, '20211010', '13:10:00', '출금', '구독', '계좌이체', 100000, 1000000, '인터넷뱅킹', 1, 1);