/*중간평가 전 테스트 데이터 백업*/
/*user 생성*/

insert into user(user_id, password, name, mbti, age, tier)
values ('aaaa', 1111, 'jy', 'ICSE', 21, 'Bronze');

insert into user(user_id, password, name, mbti, age, tier)
values ('bbbb', 1111, 'kim', 'PCSM' , 22, 'Bronze');

insert into user(user_id, password, name, mbti, age, tier)
values ('cccc', 1111, 'lee','PHOM', 27, 'Bronze');

insert into user(user_id, password, name, mbti, age, tier)
values ('dddd', 1111, 'park','PCSE',21, 'Bronze');

insert into user(user_id, password, name, mbti, age, tier)
values ('ffff', 2222, 'kim', 'PCSM' , 28, 'Bronze');

insert into user(user_id, password, name, mbti, age, tier)
values ('gggg', 2222, 'lee','PHSE', 22, 'Bronze');

insert into user(user_id, password, name, mbti, age, tier)
values ('hhhh', 2222, 'park','PCSE',29, 'Bronze');

insert into user(user_id, password, name, mbti, age, tier)
values ('iiii', 2222, 'kim', 'IHSM' , 20, 'Bronze');

insert into user(user_id, password, name, mbti, age, tier)
values ('jjjj', 2222, 'lee','ICOE', 23, 'Bronze');

insert into user(user_id, password, name, mbti, age, tier)
values ('kkkk', 2222, 'park','IHOE',25, 'Bronze');

insert into user(user_id, password, name, mbti, age, tier)
values ('mmmm', 2222, 'kim', 'IHSE' , 25, 'Bronze');


insert into user(user_id, password, name, mbti, age, tier)
values ('nnnn', 2222, 'lee','ICSE', 27, 'Bronze');

insert into user(user_id, password, name, mbti, age, tier)
values ('oooo', 2222, 'park','ICSM',21, 'Bronze');

insert into user(user_id, password, name, mbti, age, tier)
values ('pppp', 2222, 'kim', 'ICOE' , 22, 'Bronze');


insert into user(user_id, password, name, mbti, age, tier)
values ('qqqq', 2222, 'lee','ICSE', 23, 'Bronze');

insert into user(user_id, password, name, mbti, age, tier)
values ('rrrr', 2222, 'park','ICOM',27, 'Bronze');



/*mbti 16개 생성*/

insert into user(user_id, password, name, mbti, age, tier)
values ('aabb', 3333, 'kim', 'ICSE' , 28, 'Bronze');

insert into user(user_id, password, name, mbti, age, tier)
values ('ccdd', 3333, 'lee','ICSM', 22, 'Bronze');

insert into user(user_id, password, name, mbti, age, tier)
values ('eeff', 3333, 'park','ICOE',29, 'Bronze');

insert into user(user_id, password, name, mbti, age, tier)
values ('gghh', 3333, 'kim', 'ICOM' , 20, 'Bronze');


insert into user(user_id, password, name, mbti, age, tier)
values ('iijj', 3333, 'lee','IHSE', 23, 'Bronze');

insert into user(user_id, password, name, mbti, age, tier)
values ('kkll', 3333, 'park','IHSM',25, 'Bronze');

insert into user(user_id, password, name, mbti, age, tier)
values ('mmnn', 3333, 'kim', 'IHOE' , 25, 'Bronze');


insert into user(user_id, password, name, mbti, age, tier)
values ('oopp', 3333, 'lee','IHOM', 27, 'Bronze');

insert into user(user_id, password, name, mbti, age, tier)
values ('qqrr', 3333, 'park','PCSE',21, 'Bronze');

insert into user(user_id, password, name, mbti, age, tier)
values ('sstt', 3333, 'kim', 'PCSM' , 22, 'Bronze');


insert into user(user_id, password, name, mbti, age, tier)
values ('uuvv', 3333, 'lee','PCOE', 23, 'Bronze');

insert into user(user_id, password, name, mbti, age, tier)
values ('wwxx', 3333, 'park','PCOM',27, 'Bronze');

insert into user(user_id, password, name, mbti, age, tier)
values ('yyzz', 3333, 'park','PHSE',30, 'Bronze');

insert into user(user_id, password, name, mbti, age, tier)
values ('abab', 3333, 'lee','PHSM', 23, 'Bronze');

insert into user(user_id, password, name, mbti, age, tier)
values ('cdcd', 3333, 'park','PHOE',27, 'Bronze');

insert into user(user_id, password, name, mbti, age, tier)
values ('efef', 3333, 'park','PHOM',29, 'Bronze');


/*mbti 16개 생성 2번째*/

insert into user(user_id, password, name, mbti, age, tier)
values ('ghgh', 4444, 'kim', 'ICSE' , 31, 'Bronze');

insert into user(user_id, password, name, mbti, age, tier)
values ('ijij', 4444, 'lee','ICSM', 27, 'Bronze');

insert into user(user_id, password, name, mbti, age, tier)
values ('klkl', 4444, 'park','ICOE',22, 'Bronze');

insert into user(user_id, password, name, mbti, age, tier)
values ('mnmn', 4444, 'kim', 'ICOM' , 21, 'Bronze');


insert into user(user_id, password, name, mbti, age, tier)
values ('opop', 4444, 'lee','IHSE', 24, 'Bronze');

insert into user(user_id, password, name, mbti, age, tier)
values ('qrqr', 4444, 'park','IHSM',26, 'Bronze');

insert into user(user_id, password, name, mbti, age, tier)
values ('stst', 4444, 'kim', 'IHOE' , 27, 'Bronze');


insert into user(user_id, password, name, mbti, age, tier)
values ('uvuv', 4444, 'lee','IHOM', 29, 'Bronze');

insert into user(user_id, password, name, mbti, age, tier)
values ('wxwx', 4444, 'park','PCSE',20, 'Bronze');

insert into user(user_id, password, name, mbti, age, tier)
values ('yzyz', 4444, 'kim', 'PCSM' , 23, 'Bronze');


insert into user(user_id, password, name, mbti, age, tier)
values ('aaba', 4444, 'lee','PCOE', 26, 'Bronze');

insert into user(user_id, password, name, mbti, age, tier)
values ('ccdc', 4444, 'park','PCOM',24, 'Bronze');

insert into user(user_id, password, name, mbti, age, tier)
values ('eefe', 4444, 'park','PHSE',29, 'Bronze');

insert into user(user_id, password, name, mbti, age, tier)
values ('gghg', 4444, 'lee','PHSM', 26, 'Bronze');

insert into user(user_id, password, name, mbti, age, tier)
values ('iiji', 4444, 'park','PHOE',25, 'Bronze');

insert into user(user_id, password, name, mbti, age, tier)
values ('kklk', 4444, 'park','PHOM',24, 'Bronze');


/*mbti 16개 생성 3번째*/

insert into user(user_id, password, name, mbti, age, tier)
values ('mmom', 4444, 'kim', 'ICSE' , 22, 'Silver');

insert into user(user_id, password, name, mbti, age, tier)
values ('ppqp', 4444, 'lee','ICSM', 24, 'Silver');

insert into user(user_id, password, name, mbti, age, tier)
values ('rrsr', 4444, 'park','ICOE',25, 'Silver');

insert into user(user_id, password, name, mbti, age, tier)
values ('ttut', 4444, 'kim', 'ICOM' , 21, 'Silver');


insert into user(user_id, password, name, mbti, age, tier)
values ('vvwv', 4444, 'lee','IHSE', 24, 'Silver');

insert into user(user_id, password, name, mbti, age, tier)
values ('xxyx', 4444, 'park','IHSM',28, 'Silver');

insert into user(user_id, password, name, mbti, age, tier)
values ('zzaz', 4444, 'kim', 'IHOE' , 27, 'Silver');


insert into user(user_id, password, name, mbti, age, tier)
values ('abba', 4444, 'lee','IHOM', 31, 'Silver');

insert into user(user_id, password, name, mbti, age, tier)
values ('cddc', 4444, 'park','PCSE',225, 'Silver');

insert into user(user_id, password, name, mbti, age, tier)
values ('effe', 4444, 'kim', 'PCSM' , 23, 'Silver');


insert into user(user_id, password, name, mbti, age, tier)
values ('ghhg', 4444, 'lee','PCOE', 27, 'Silver');

insert into user(user_id, password, name, mbti, age, tier)
values ('ijji', 4444, 'park','PCOM',22, 'Silver');

insert into user(user_id, password, name, mbti, age, tier)
values ('kllk', 4444, 'park','PHSE',23, 'Silver');

insert into user(user_id, password, name, mbti, age, tier)
values ('mnnm', 4444, 'lee','PHSM', 23, 'Silver');

insert into user(user_id, password, name, mbti, age, tier)
values ('oppo', 4444, 'park','PHOE',25, 'Silver');

insert into user(user_id, password, name, mbti, age, tier)
values ('pqqp', 4444, 'park','PHOM',27, 'Silver');



/*mbti 16개 생성 4번째*/

insert into user(user_id, password, name, mbti, age, tier)
values ('rssr', 5555, 'kim', 'ICSE' , 28, 'Silver');

insert into user(user_id, password, name, mbti, age, tier)
values ('tuut', 5555, 'lee','ICSM', 24, 'Silver');

insert into user(user_id, password, name, mbti, age, tier)
values ('vwwv', 5555, 'park','ICOE',22, 'Silver');

insert into user(user_id, password, name, mbti, age, tier)
values ('xyyx', 5555, 'kim', 'ICOM' , 20, 'Silver');


insert into user(user_id, password, name, mbti, age, tier)
values ('zaaz', 5555, 'lee','IHSE', 21, 'Silver');

insert into user(user_id, password, name, mbti, age, tier)
values ('aaaab', 5555, 'park','IHSM',21, 'Silver');

insert into user(user_id, password, name, mbti, age, tier)
values ('ccccd', 5555, 'kim', 'IHOE' , 22, 'Silver');


insert into user(user_id, password, name, mbti, age, tier)
values ('eeeef', 5555, 'lee','IHOM', 34, 'Gold');

insert into user(user_id, password, name, mbti, age, tier)
values ('ggggh', 5555, 'park','PCSE',23, 'Gold');

insert into user(user_id, password, name, mbti, age, tier)
values ('iiiij', 5555, 'kim', 'PCSM' , 26, 'Gold');


insert into user(user_id, password, name, mbti, age, tier)
values ('kkkkl', 5555, 'lee','PCOE', 28, 'Gold');

insert into user(user_id, password, name, mbti, age, tier)
values ('mmmmn', 5555, 'park','PCOM',21, 'Gold');

insert into user(user_id, password, name, mbti, age, tier)
values ('oooop', 5555, 'park','PHSE',24, 'Platinum');

insert into user(user_id, password, name, mbti, age, tier)
values ('qqqqr', 5555, 'lee','PHSM', 28, 'Platinum');

insert into user(user_id, password, name, mbti, age, tier)
values ('sssst', 5555, 'park','PHOE',31, 'Platinum');

insert into user(user_id, password, name, mbti, age, tier)
values ('uuuuv', 5555, 'park','PHOM',22, 'Platinum');


/*mbti 16개 생성 5번째*/

insert into user(user_id, password, name, mbti, age, tier)
values ('wwwwx', 5555, 'kim', 'ICSE' , 33, 'Platinum');

insert into user(user_id, password, name, mbti, age, tier)
values ('yyyyz', 5555, 'lee','ICSM', 31, 'Platinum');

insert into user(user_id, password, name, mbti, age, tier)
values ('bbbba', 5555, 'park','ICOE',26, 'Platinum');

insert into user(user_id, password, name, mbti, age, tier)
values ('ddddc', 5555, 'kim', 'ICOM' , 22, 'Platinum');


insert into user(user_id, password, name, mbti, age, tier)
values ('ffffe', 5555, 'lee','IHSE', 29, 'Platinum');

insert into user(user_id, password, name, mbti, age, tier)
values ('hhhhg', 5555, 'park','IHSM',24, 'Gold');

insert into user(user_id, password, name, mbti, age, tier)
values ('jjjji', 5555, 'kim', 'IHOE' , 29, 'Gold');


insert into user(user_id, password, name, mbti, age, tier)
values ('llllk', 5555, 'lee','IHOM', 35, 'Gold');

insert into user(user_id, password, name, mbti, age, tier)
values ('nnnnm', 5555, 'park','PCSE',32, 'Gold');

insert into user(user_id, password, name, mbti, age, tier)
values ('ppppo', 5555, 'kim', 'PCSM' , 36, 'Diamond');


insert into user(user_id, password, name, mbti, age, tier)
values ('rrrrq', 5555, 'lee','PCOE', 38, 'Diamond');

insert into user(user_id, password, name, mbti, age, tier)
values ('tttts', 5555, 'park','PCOM',31, 'Diamond');

insert into user(user_id, password, name, mbti, age, tier)
values ('vvvvu', 5555, 'park','PHSE',29, 'Diamond');

insert into user(user_id, password, name, mbti, age, tier)
values ('wwwwv', 5555, 'lee','PHSM', 27, 'Diamond');

insert into user(user_id, password, name, mbti, age, tier)
values ('yyyyx', 5555, 'park','PHOE',34, 'Diamond');

insert into user(user_id, password, name, mbti, age, tier)
values ('qwert', 5555, 'park','PHOM',23, 'Diamond');


/*BudgetPlanning 생성*/

insert into BudgetPlanning(user_id, 
            user_mbti, user_age,user_income, user_savings, monthly_rent,
            insurance_expense,transportation_expense,communication_expense,
            leisure_expense, shopping_expense ,education_expense, medical_expense,
            event_expense, etc_expense)
values ('aaaa',  'PCSM', 24,3000000, 1000000, 400000, 100000, 150000, 100000,
        150000, 200000, 0, 0, 150000, 0);
        
insert into BudgetPlanning(user_id, 
            user_mbti, user_age,user_income, user_savings, monthly_rent,
            insurance_expense,transportation_expense,communication_expense,
            leisure_expense, shopping_expense ,education_expense, medical_expense,
            event_expense, etc_expense)
values ('aaaab',  'IHSM', 28,5000000, 500000, 400000, 100000, 150000, 100000,
        150000, 200000, 0, 0, 150000, 0);
        
        
insert into BudgetPlanning(user_id, 
            user_mbti, user_age,user_income, user_savings, monthly_rent,
            insurance_expense,transportation_expense,communication_expense,
            leisure_expense, shopping_expense ,education_expense, medical_expense,
            event_expense, etc_expense)
values ('aabb',  'ICSE', 23,2000000, 1000000, 400000, 100000, 150000, 100000,
        150000, 200000, 0, 0, 150000, 0);
        
insert into BudgetPlanning(user_id, 
            user_mbti, user_age,user_income, user_savings, monthly_rent,
            insurance_expense,transportation_expense,communication_expense,
            leisure_expense, shopping_expense ,education_expense, medical_expense,
            event_expense, etc_expense)
values ('bbbb',  'PCSM',24, 4000000, 500000, 400000, 100000, 150000, 100000,
        150000, 200000, 0, 0, 150000, 0);
        
insert into BudgetPlanning(user_id, 
            user_mbti, user_age,user_income, user_savings, monthly_rent,
            insurance_expense,transportation_expense,communication_expense,
            leisure_expense, shopping_expense ,education_expense, medical_expense,
            event_expense, etc_expense)
values ('cccc',  'PHOM', 21,3000000, 1000000, 400000, 100000, 150000, 100000,
        150000, 200000, 0, 0, 150000, 0);
        
insert into BudgetPlanning(user_id, 
            user_mbti, user_age,user_income, user_savings, monthly_rent,
            insurance_expense,transportation_expense,communication_expense,
            leisure_expense, shopping_expense ,education_expense, medical_expense,
            event_expense, etc_expense)
values ('eefe',  'PHSE', 26,5000000, 500000, 400000, 100000, 150000, 100000,
        150000, 200000, 0, 0, 150000, 0);
        
insert into BudgetPlanning(user_id, 
            user_mbti, user_age,user_income, user_savings, monthly_rent,
            insurance_expense,transportation_expense,communication_expense,
            leisure_expense, shopping_expense ,education_expense, medical_expense,
            event_expense, etc_expense)
values ('efef',  'PHOM', 21,3000000, 1000000, 400000, 100000, 150000, 100000,
        150000, 200000, 0, 0, 150000, 0);
        
insert into BudgetPlanning(user_id, 
            user_mbti,user_age, user_income, user_savings, monthly_rent,
            insurance_expense,transportation_expense,communication_expense,
            leisure_expense, shopping_expense ,education_expense, medical_expense,
            event_expense, etc_expense)
values ('dddd',  'PCSE',27, 5000000, 500000, 400000, 100000, 150000, 100000,
        150000, 200000, 0, 0, 150000, 0);
        
        
insert into BudgetPlanning(user_id, 
            user_mbti,user_age, user_income, user_savings, monthly_rent,
            insurance_expense,transportation_expense,communication_expense,
            leisure_expense, shopping_expense ,education_expense, medical_expense,
            event_expense, etc_expense)
values ('effe',  'PCSM', 29,2000000, 1000000, 400000, 100000, 150000, 100000,
        150000, 200000, 0, 0, 150000, 0);
        
insert into BudgetPlanning(user_id, 
            user_mbti, user_age,user_income, user_savings, monthly_rent,
            insurance_expense,transportation_expense,communication_expense,
            leisure_expense, shopping_expense ,education_expense, medical_expense,
            event_expense, etc_expense)
values ('eeeef',  'IHOM', 21,4000000, 500000, 400000, 100000, 150000, 100000,
        150000, 200000, 0, 0, 150000, 0);
        
insert into BudgetPlanning(user_id, 
            user_mbti, user_age,user_income, user_savings, monthly_rent,
            insurance_expense,transportation_expense,communication_expense,
            leisure_expense, shopping_expense ,education_expense, medical_expense,
            event_expense, etc_expense)
values ('ccdc',  'PCOM',25, 5000000, 1000000, 400000, 100000, 150000, 100000,
        150000, 200000, 0, 0, 150000, 0);
        
insert into BudgetPlanning(user_id, 
            user_mbti, user_age,user_income, user_savings, monthly_rent,
            insurance_expense,transportation_expense,communication_expense,
            leisure_expense, shopping_expense ,education_expense, medical_expense,
            event_expense, etc_expense)
values ('abab',  'PHSM', 24,3000000, 500000, 400000, 100000, 150000, 100000,
        150000, 200000, 0, 0, 150000, 0);


insert into BudgetPlanning(user_id, 
            user_mbti,user_age, user_income, user_savings, monthly_rent,
            insurance_expense,transportation_expense,communication_expense,
            leisure_expense, shopping_expense ,education_expense, medical_expense,
            event_expense, etc_expense)
values ('iiii',  'IHSM', 25,3000000, 1000000, 400000, 100000, 150000, 100000,
        150000, 200000, 0, 0, 150000, 0);
        
insert into BudgetPlanning(user_id, 
            user_mbti, user_age,user_income, user_savings, monthly_rent,
            insurance_expense,transportation_expense,communication_expense,
            leisure_expense, shopping_expense ,education_expense, medical_expense,
            event_expense, etc_expense)
values ('iiiij',  'PCSM',23, 5000000, 500000, 400000, 100000, 150000, 100000,
        150000, 200000, 0, 0, 150000, 0);
             
insert into BudgetPlanning(user_id, 
            user_mbti, user_age,user_income, user_savings, monthly_rent,
            insurance_expense,transportation_expense,communication_expense,
            leisure_expense, shopping_expense ,education_expense, medical_expense,
            event_expense, etc_expense)
values ('kkkk',  'IHOE',27, 4000000, 500000, 400000, 100000, 150000, 100000,
        150000, 200000, 0, 0, 150000, 0);
        
insert into BudgetPlanning(user_id, 
            user_mbti,user_age, user_income, user_savings, monthly_rent,
            insurance_expense,transportation_expense,communication_expense,
            leisure_expense, shopping_expense ,education_expense, medical_expense,
            event_expense, etc_expense)
values ('kkkkl',  'PCOE',21, 3000000, 1000000, 400000, 100000, 150000, 100000,
        150000, 200000, 0, 0, 150000, 0);
        
insert into BudgetPlanning(user_id, 
            user_mbti, user_age,user_income, user_savings, monthly_rent,
            insurance_expense,transportation_expense,communication_expense,
            leisure_expense, shopping_expense ,education_expense, medical_expense,
            event_expense, etc_expense)
values ('kklk',  'PHOM',26, 5000000, 500000, 400000, 100000, 150000, 100000,
        150000, 200000, 0, 0, 150000, 0);
        
        
        
insert into BudgetPlanning(user_id, 
            user_mbti, user_age,user_income, user_savings, monthly_rent,
            insurance_expense,transportation_expense,communication_expense,
            leisure_expense, shopping_expense ,education_expense, medical_expense,
            event_expense, etc_expense)
values ('klkl',  'ICOE', 29,3000000, 1000000, 400000, 100000, 150000, 100000,
        150000, 200000, 0, 0, 150000, 0);
        
insert into BudgetPlanning(user_id, 
            user_mbti, user_age,user_income, user_savings, monthly_rent,
            insurance_expense,transportation_expense,communication_expense,
            leisure_expense, shopping_expense ,education_expense, medical_expense,
            event_expense, etc_expense)
values ('kllk',  'PHSE', 28,5000000, 500000, 400000, 100000, 150000, 100000,
        150000, 200000, 0, 0, 150000, 0);
        
        
insert into BudgetPlanning(user_id, 
            user_mbti, user_age,user_income, user_savings, monthly_rent,
            insurance_expense,transportation_expense,communication_expense,
            leisure_expense, shopping_expense ,education_expense, medical_expense,
            event_expense, etc_expense)
values ('mmmm',  'IHSE', 25,2000000, 1000000, 400000, 100000, 150000, 100000,
        150000, 200000, 0, 0, 150000, 0);


insert into BudgetPlanning(user_id, 
            user_mbti,user_age, user_income, user_savings, monthly_rent,
            insurance_expense,transportation_expense,communication_expense,
            leisure_expense, shopping_expense ,education_expense, medical_expense,
            event_expense, etc_expense)
values ('qqqq',  'ICSE',22, 3000000, 1000000, 400000, 100000, 150000, 100000,
        150000, 200000, 0, 0, 150000, 0);
        
insert into BudgetPlanning(user_id, 
            user_mbti,user_age, user_income, user_savings, monthly_rent,
            insurance_expense,transportation_expense,communication_expense,
            leisure_expense, shopping_expense ,education_expense, medical_expense,
            event_expense, etc_expense)
values ('qqqqr',  'PHSM', 20,5000000, 500000, 400000, 100000, 150000, 100000,
        150000, 200000, 0, 0, 150000, 0);
        
        
insert into BudgetPlanning(user_id, 
            user_mbti, user_age,user_income, user_savings, monthly_rent,
            insurance_expense,transportation_expense,communication_expense,
            leisure_expense, shopping_expense ,education_expense, medical_expense,
            event_expense, etc_expense)
values ('qqrr',  'PCSE', 28,2000000, 1000000, 400000, 100000, 150000, 100000,
        150000, 200000, 0, 0, 150000, 0);
        
insert into BudgetPlanning(user_id, 
            user_mbti, user_age,user_income, user_savings, monthly_rent,
            insurance_expense,transportation_expense,communication_expense,
            leisure_expense, shopping_expense ,education_expense, medical_expense,
            event_expense, etc_expense)
values ('qrqr',  'IHSM',25, 4000000, 500000, 400000, 100000, 150000, 100000,
        150000, 200000, 0, 0, 150000, 0);
        
insert into BudgetPlanning(user_id, 
            user_mbti,user_age, user_income, user_savings, monthly_rent,
            insurance_expense,transportation_expense,communication_expense,
            leisure_expense, shopping_expense ,education_expense, medical_expense,
            event_expense, etc_expense)
values ('qwert',  'PHOM',26, 3000000, 1000000, 400000, 100000, 150000, 100000,
        150000, 200000, 0, 0, 150000, 0);
        
insert into BudgetPlanning(user_id, 
            user_mbti, user_age,user_income, user_savings, monthly_rent,
            insurance_expense,transportation_expense,communication_expense,
            leisure_expense, shopping_expense ,education_expense, medical_expense,
            event_expense, etc_expense)
values ('rrrr',  'ICOM', 28,5000000, 500000, 400000, 100000, 150000, 100000,
        150000, 200000, 0, 0, 150000, 0);
        
        
        
insert into BudgetPlanning(user_id, 
            user_mbti, user_age,user_income, user_savings, monthly_rent,
            insurance_expense,transportation_expense,communication_expense,
            leisure_expense, shopping_expense ,education_expense, medical_expense,
            event_expense, etc_expense)
values ('rrrrq',  'PCOE', 30,3000000, 1000000, 400000, 100000, 150000, 100000,
        150000, 200000, 0, 0, 150000, 0);
        
insert into BudgetPlanning(user_id, 
            user_mbti,user_age, user_income, user_savings, monthly_rent,
            insurance_expense,transportation_expense,communication_expense,
            leisure_expense, shopping_expense ,education_expense, medical_expense,
            event_expense, etc_expense)
values ('rrsr',  'ICOE', 31,5000000, 500000, 400000, 100000, 150000, 100000,
        150000, 200000, 0, 0, 150000, 0);
        
        
insert into BudgetPlanning(user_id, 
            user_mbti,user_age, user_income, user_savings, monthly_rent,
            insurance_expense,transportation_expense,communication_expense,
            leisure_expense, shopping_expense ,education_expense, medical_expense,
            event_expense, etc_expense)
values ('rssr',  'ICSE', 28,2000000, 1000000, 400000, 100000, 150000, 100000,
        150000, 200000, 0, 0, 150000, 0);
        
        
insert into BudgetPlanning(user_id, 
            user_mbti,user_age, user_income, user_savings, monthly_rent,
            insurance_expense,transportation_expense,communication_expense,
            leisure_expense, shopping_expense ,education_expense, medical_expense,
            event_expense, etc_expense)
values ('sssst',  'PHOE',26, 3000000, 1000000, 400000, 100000, 150000, 100000,
        150000, 200000, 0, 0, 150000, 0);
        
insert into BudgetPlanning(user_id, 
            user_mbti, user_age,user_income, user_savings, monthly_rent,
            insurance_expense,transportation_expense,communication_expense,
            leisure_expense, shopping_expense ,education_expense, medical_expense,
            event_expense, etc_expense)
values ('sstt',  'PCSM', 20,5000000, 500000, 400000, 100000, 150000, 100000,
        150000, 200000, 0, 0, 150000, 0);
        
        
insert into BudgetPlanning(user_id, 
            user_mbti, user_age,user_income, user_savings, monthly_rent,
            insurance_expense,transportation_expense,communication_expense,
            leisure_expense, shopping_expense ,education_expense, medical_expense,
            event_expense, etc_expense)
values ('stst',  'IHOE', 27,2000000, 1000000, 400000, 100000, 150000, 100000,
        150000, 200000, 0, 0, 150000, 0);
        
insert into BudgetPlanning(user_id, 
            user_mbti, user_age,user_income, user_savings, monthly_rent,
            insurance_expense,transportation_expense,communication_expense,
            leisure_expense, shopping_expense ,education_expense, medical_expense,
            event_expense, etc_expense)
values ('tttts',  'PCOM',28, 4000000, 500000, 400000, 100000, 150000, 100000,
        150000, 200000, 0, 0, 150000, 0);
        
insert into BudgetPlanning(user_id, 
            user_mbti,user_age, user_income, user_savings, monthly_rent,
            insurance_expense,transportation_expense,communication_expense,
            leisure_expense, shopping_expense ,education_expense, medical_expense,
            event_expense, etc_expense)
values ('ttut',  'ICOM', 28,3000000, 1000000, 400000, 100000, 150000, 100000,
        150000, 200000, 0, 0, 150000, 0);
        
insert into BudgetPlanning(user_id, 
            user_mbti,user_age, user_income, user_savings, monthly_rent,
            insurance_expense,transportation_expense,communication_expense,
            leisure_expense, shopping_expense ,education_expense, medical_expense,
            event_expense, etc_expense)
values ('tuut',  'ICSM',21, 5000000, 500000, 400000, 100000, 150000, 100000,
        150000, 200000, 0, 0, 150000, 0);
        
        
        
insert into BudgetPlanning(user_id, 
            user_mbti,user_age, user_income, user_savings, monthly_rent,
            insurance_expense,transportation_expense,communication_expense,
            leisure_expense, shopping_expense ,education_expense, medical_expense,
            event_expense, etc_expense)
values ('uuuuv',  'PHOM', 24,3000000, 1000000, 400000, 100000, 150000, 100000,
        150000, 200000, 0, 0, 150000, 0);
        
insert into BudgetPlanning(user_id, 
            user_mbti, user_age,user_income, user_savings, monthly_rent,
            insurance_expense,transportation_expense,communication_expense,
            leisure_expense, shopping_expense ,education_expense, medical_expense,
            event_expense, etc_expense)
values ('uuvv',  'PCOE', 21,5000000, 500000, 400000, 100000, 150000, 100000,
        150000, 200000, 0, 0, 150000, 0);
        
        
insert into BudgetPlanning(user_id, 
            user_mbti, user_age,user_income, user_savings, monthly_rent,
            insurance_expense,transportation_expense,communication_expense,
            leisure_expense, shopping_expense ,education_expense, medical_expense,
            event_expense, etc_expense)
values ('uvuv',  'IHOM', 25,2000000, 1000000, 400000, 100000, 150000, 100000,
        150000, 200000, 0, 0, 150000, 0);



/*BudgetPlanning like_number 변경*/
update BudgetPlanning set like_number = 10 where user_id = 'aaaa';

update BudgetPlanning set like_number = 12 where user_id = 'aaaab';

update BudgetPlanning set like_number = 13 where user_id = 'aaba';

update BudgetPlanning set like_number = 1 where user_id = 'abba';

update BudgetPlanning set like_number = 10 where user_id = 'bbbb';

update BudgetPlanning set like_number = 15 where user_id = 'bbbba';

update BudgetPlanning set like_number = 10 where user_id = 'cccc';

update BudgetPlanning set like_number = 3 where user_id = 'ccdd';

update BudgetPlanning set like_number = 2 where user_id = 'cdcd';

update BudgetPlanning set like_number = 15 where user_id = 'cddc';

update BudgetPlanning set like_number = 10 where user_id = 'dddd';

update BudgetPlanning set like_number = 5 where user_id = 'eeeef';

update BudgetPlanning set like_number = 1 where user_id = 'eefe';

update BudgetPlanning set like_number = 4 where user_id = 'effe';

update BudgetPlanning set like_number = 6 where user_id = 'ffff';

update BudgetPlanning set like_number = 3 where user_id = 'gggg';

update BudgetPlanning set like_number = 5 where user_id = 'gghg';

update BudgetPlanning set like_number = 9 where user_id = 'hhhhg';

update BudgetPlanning set like_number = 13 where user_id = 'iijj';

update BudgetPlanning set like_number = 6 where user_id = 'iiii';

update BudgetPlanning set like_number = 10 where user_id = 'kkkk';

update BudgetPlanning set like_number = 10 where user_id = 'kllk';

update BudgetPlanning set like_number = 10 where user_id = 'kklk';

update BudgetPlanning set like_number = 16 where user_id = 'kkkkkl';

update BudgetPlanning set like_number = 5 where user_id = 'mmmm';

update BudgetPlanning set like_number = 8 where user_id = 'mmmmn';

update BudgetPlanning set like_number = 8 where user_id = 'mmnn';

update BudgetPlanning set like_number = 17 where user_id = 'mmom';

update BudgetPlanning set like_number = 10 where user_id = 'nnnn';

update BudgetPlanning set like_number = 15 where user_id = 'nnnnm';

update BudgetPlanning set like_number = 5 where user_id = 'oooo';

update BudgetPlanning set like_number = 7 where user_id = 'oooop';

update BudgetPlanning set like_number = 10 where user_id = 'opop';

update BudgetPlanning set like_number = 3 where user_id = 'oppo';

update BudgetPlanning set like_number = 5 where user_id = 'pppp';

update BudgetPlanning set like_number = 10 where user_id = 'ppqp';

update BudgetPlanning set like_number = 3 where user_id = 'pqqp';

update BudgetPlanning set like_number = 6 where user_id = 'qqqq';

update BudgetPlanning set like_number = 10 where user_id = 'qqrr';

update BudgetPlanning set like_number = 7 where user_id = 'qrqr';

update BudgetPlanning set like_number = 3 where user_id = 'qwert';

update BudgetPlanning set like_number = 5 where user_id = 'rrrr';

update BudgetPlanning set like_number = 10 where user_id = 'rrsr';

update BudgetPlanning set like_number = 16 where user_id = 'rssr';

update BudgetPlanning set like_number = 2 where user_id = 'sstt';
update BudgetPlanning set like_number = 10 where user_id = 'stst';
update BudgetPlanning set like_number = 5 where user_id = 'tttts';
update BudgetPlanning set like_number = 10 where user_id = 'tuut';
update BudgetPlanning set like_number = 10 where user_id = 'uuuuv';
update BudgetPlanning set like_number = 6 where user_id = 'uvuv';
update BudgetPlanning set like_number = 10 where user_id = 'vvwv';
update BudgetPlanning set like_number = 9 where user_id = 'wwxx';
update BudgetPlanning set like_number = 10 where user_id = 'wxwx';
update BudgetPlanning set like_number = 5 where user_id = 'xxyx';
update BudgetPlanning set like_number = 3 where user_id = 'yyzz';


insert into user(user_id, password, name, mbti, age, tier)
values ('test1', 2222, 'park','ICOM',25, 'Bronze');

insert into BudgetPlanning(user_id, 
            user_mbti, user_age,user_income, user_savings, monthly_rent,
            insurance_expense,transportation_expense,communication_expense,
            leisure_expense, shopping_expense ,education_expense, medical_expense,
            event_expense, etc_expense)
values ('test1',  'ICOM', 25,3500000, 500000, 400000, 100000, 150000, 100000,
        150000, 200000, 0, 0, 150000, 0);
        
        
insert into user(user_id, password, name, mbti, age, tier)
values ('test2', 2222, 'park','ICOM',24, 'Bronze');

insert into BudgetPlanning(user_id, 
            user_mbti, user_age,user_income, user_savings, monthly_rent,
            insurance_expense,transportation_expense,communication_expense,
            leisure_expense, shopping_expense ,education_expense, medical_expense,
            event_expense, etc_expense)
values ('test2',  'ICOM', 24,3500000, 500000, 400000, 100000, 150000, 100000,
        150000, 200000, 0, 0, 150000, 0);
        
        
        
        
insert into user(user_id, password, name, mbti, age, tier)
values ('test3', 2222, 'park','ICOM',26, 'Bronze');

insert into BudgetPlanning(user_id, 
            user_mbti, user_age,user_income, user_savings, monthly_rent,
            insurance_expense,transportation_expense,communication_expense,
            leisure_expense, shopping_expense ,education_expense, medical_expense,
            event_expense, etc_expense)
values ('test3',  'ICOM', 26,3500000, 500000, 400000, 100000, 150000, 100000,
        150000, 200000, 0, 0, 150000, 0);


insert into user(user_id, password, name, mbti, age, tier)
values ('test4', 2222, 'park','ICOM',26, 'Bronze');

insert into BudgetPlanning(user_id, 
            user_mbti, user_age,user_income, user_savings, monthly_rent,
            insurance_expense,transportation_expense,communication_expense,
            leisure_expense, shopping_expense ,education_expense, medical_expense,
            event_expense, etc_expense)
values ('test4',  'ICOM', 26,3500000, 500000, 400000, 100000, 150000, 100000,
        150000, 200000, 0, 0, 150000, 0);
        
        
        
insert into user(user_id, password, name, mbti, age, tier)
values ('test5', 2222, 'park','ICOM',25, 'Bronze');

insert into BudgetPlanning(user_id, 
            user_mbti, user_age,user_income, user_savings, monthly_rent,
            insurance_expense,transportation_expense,communication_expense,
            leisure_expense, shopping_expense ,education_expense, medical_expense,
            event_expense, etc_expense)
values ('test5',  'ICOM', 25,3500000, 500000, 400000, 100000, 150000, 100000,
        150000, 200000, 0, 0, 150000, 0);
        
        
        
insert into user(user_id, password, name, mbti, age, tier)
values ('test6', 2222, 'park','ICOM',26, 'Bronze');

insert into BudgetPlanning(user_id, 
            user_mbti, user_age,user_income, user_savings, monthly_rent,
            insurance_expense,transportation_expense,communication_expense,
            leisure_expense, shopping_expense ,education_expense, medical_expense,
            event_expense, etc_expense)
values ('test6',  'ICOM', 26,3000000, 500000, 400000, 100000, 150000, 100000,
        150000, 200000, 0, 0, 150000, 0);
        
insert into user(user_id, password, name, mbti, age, tier)
values ('test7', 2222, 'park','ICOM',26, 'Bronze');

insert into BudgetPlanning(user_id, 
            user_mbti, user_age,user_income, user_savings, monthly_rent,
            insurance_expense,transportation_expense,communication_expense,
            leisure_expense, shopping_expense ,education_expense, medical_expense,
            event_expense, etc_expense)
values ('test7',  'ICOM', 26,3000000, 500000, 400000, 100000, 150000, 100000,
        150000, 200000, 0, 0, 150000, 0);

insert into user(user_id, password, name, mbti, age, tier)
values ('test8', 2222, 'park','ICOM',24, 'Bronze');

insert into BudgetPlanning(user_id, 
            user_mbti, user_age,user_income, user_savings, monthly_rent,
            insurance_expense,transportation_expense,communication_expense,
            leisure_expense, shopping_expense ,education_expense, medical_expense,
            event_expense, etc_expense)
values ('test8',  'ICOM', 24,3000000, 500000, 400000, 100000, 150000, 100000,
        150000, 200000, 0, 0, 150000, 0);


insert into user(user_id, password, name, mbti, age, tier)
values ('test9', 2222, 'park','ICOM',25, 'Bronze');

insert into BudgetPlanning(user_id, 
            user_mbti, user_age,user_income, user_savings, monthly_rent,
            insurance_expense,transportation_expense,communication_expense,
            leisure_expense, shopping_expense ,education_expense, medical_expense,
            event_expense, etc_expense)
values ('test9',  'ICOM', 25,3200000, 500000, 400000, 100000, 150000, 100000,
        150000, 200000, 0, 0, 150000, 0);


insert into user(user_id, password, name, mbti, age, tier)
values ('test10', 2222, 'park','ICOM',25, 'Bronze');

insert into BudgetPlanning(user_id, 
            user_mbti, user_age,user_income, user_savings, monthly_rent,
            insurance_expense,transportation_expense,communication_expense,
            leisure_expense, shopping_expense ,education_expense, medical_expense,
            event_expense, etc_expense)
values ('test10',  'ICOM', 25,3200000, 500000, 400000, 100000, 150000, 100000,
        150000, 200000, 0, 0, 150000, 0);

insert into user(user_id, password, name, mbti, age, tier)
values ('test11', 2222, 'park','ICOM',25, 'Bronze');

insert into BudgetPlanning(user_id, 
            user_mbti, user_age,user_income, user_savings, monthly_rent,
            insurance_expense,transportation_expense,communication_expense,
            leisure_expense, shopping_expense ,education_expense, medical_expense,
            event_expense, etc_expense)
values ('test11',  'ICOM', 25,3100000, 500000, 400000, 100000, 150000, 100000,
        150000, 200000, 0, 0, 150000, 0);

insert into user(user_id, password, name, mbti, age, tier)
values ('test12', 2222, 'park','ICOM',26, 'Bronze');

insert into BudgetPlanning(user_id, 
            user_mbti, user_age,user_income, user_savings, monthly_rent,
            insurance_expense,transportation_expense,communication_expense,
            leisure_expense, shopping_expense ,education_expense, medical_expense,
            event_expense, etc_expense)
values ('test12',  'ICOM', 26,3600000, 500000, 400000, 100000, 150000, 100000,
        150000, 200000, 0, 0, 150000, 0);

insert into user(user_id, password, name, mbti, age, tier)
values ('test13', 2222, 'park','ICOM',26, 'Bronze');

insert into BudgetPlanning(user_id, 
            user_mbti, user_age,user_income, user_savings, monthly_rent,
            insurance_expense,transportation_expense,communication_expense,
            leisure_expense, shopping_expense ,education_expense, medical_expense,
            event_expense, etc_expense)
values ('test13',  'ICOM', 26,3700000, 500000, 400000, 100000, 150000, 100000,
        150000, 200000, 0, 0, 150000, 0);

insert into user(user_id, password, name, mbti, age, tier)
values ('test14', 2222, 'park','ICOM',26, 'Bronze');

insert into BudgetPlanning(user_id, 
            user_mbti, user_age,user_income, user_savings, monthly_rent,
            insurance_expense,transportation_expense,communication_expense,
            leisure_expense, shopping_expense ,education_expense, medical_expense,
            event_expense, etc_expense)
values ('test14',  'ICOM', 26,3700000, 500000, 400000, 100000, 150000, 100000,
        150000, 200000, 0, 0, 150000, 0);


update BudgetPlanning set like_number = 25 where user_id = 'test1';
update BudgetPlanning set like_number = 10 where user_id = 'test2';
update BudgetPlanning set like_number = 53 where user_id = 'test3';
update BudgetPlanning set like_number = 10 where user_id = 'test4';
update BudgetPlanning set like_number = 10 where user_id = 'test5';
update BudgetPlanning set like_number = 62 where user_id = 'test6';
update BudgetPlanning set like_number = 10 where user_id = 'test7';
update BudgetPlanning set like_number = 92 where user_id = 'test8';
update BudgetPlanning set like_number = 10 where user_id = 'test9';
update BudgetPlanning set like_number = 52 where user_id = 'test10';
update BudgetPlanning set like_number = 31 where user_id = 'test11';
update BudgetPlanning set like_number = 35 where user_id = 'test12';
update BudgetPlanning set like_number = 32 where user_id = 'test13';
update BudgetPlanning set like_number = 32 where user_id = 'test14';


insert into real_expense(user_id, fintech_use_num, bank_name, balance_amt, tran_date, tran_time, inout_type, tran_type, print_content, tran_amt, after_balance_amt, branch_name, alarm)
values ('pyeonhee', '120211357588932329649483', 'KB국민은행', 1774150, '20211204', '092144', '출금', '식비', '스타벅스', 4100, 1770050, '트리플스트리트점', 1);

insert into real_expense(user_id, fintech_use_num, bank_name, balance_amt, tran_date, tran_time, inout_type, tran_type, print_content, tran_amt, after_balance_amt, branch_name, alarm)
values ('pyeonhee', '120211357588932329649483', 'KB국민은행', 1755550, '20211204', '102234', '출금', '구독', '넷플릭스', 14500, 1755550, '넷플릭스', 1);

insert into real_expense(user_id, fintech_use_num, bank_name, balance_amt, tran_date, tran_time, inout_type, tran_type, print_content, tran_amt, after_balance_amt, branch_name, alarm)
values ('pyeonhee', '120211357588932329649483', 'KB국민은행', 4255550, '20211204', '112434', '입금', '급여', '과외비', 2500000, 4255550, '개인', 1);

insert into real_expense(user_id, fintech_use_num, bank_name, balance_amt, tran_date, tran_time, inout_type, tran_type, print_content, tran_amt, after_balance_amt, branch_name, alarm)
values ('pyeonhee', '120211357588932329649483', 'KB국민은행', 4180250, '20211204', '130922', '출금', '쇼핑', '나이키', 75300, 4180250, '커넬워크송도점', 1);

insert into real_expense(user_id, fintech_use_num, bank_name, balance_amt, tran_date, tran_time, inout_type, tran_type, print_content, tran_amt, after_balance_amt, branch_name, alarm)
values ('pyeonhee', '120211357588932329649483', 'KB국민은행', 4177050, '20211204', '171154', '출금', '교통', '지하철교통비', 3200, 4177050, '교통안전공단', 1);

/*211205 - 211206 거래내역*/
insert into real_expense(user_id, fintech_use_num, bank_name, balance_amt, tran_date, tran_time, inout_type, tran_type, print_content, tran_amt, after_balance_amt, branch_name)
values ('pyeonhee', '120211357588932329649483', 'KB국민은행', 4170650, '20211205', '010135', '출금', '식비', '편의점', 2400, 4170650, 'GS25송도점');

insert into real_expense(user_id, fintech_use_num, bank_name, balance_amt, tran_date, tran_time, inout_type, tran_type, print_content, tran_amt, after_balance_amt, branch_name)
values ('pyeonhee', '120211357588932329649483', 'KB국민은행', 4162450, '20211206', '140635', '출금', '식비', '스타벅스', 4100, 4162450, '스타벅스송도점');

insert into real_expense(user_id, fintech_use_num, bank_name, balance_amt, tran_date, tran_time, inout_type, tran_type, print_content, tran_amt, after_balance_amt, branch_name)
values ('pyeonhee', '120211357588932329649483', 'KB국민은행', 4158850, '20211206', '145723', '출금', '식비', 'CU', 3600, 4158850, 'CU송도점');